Product,Date,Units,Dollars
HP000123,2022-07-31,263.0,2627.37
HP000123,2022-08-01,259.0,2587.41
HP000123,2022-08-02,241.0,2407.59
HP000123,2022-08-03,273.0,2727.27
HP000123,2022-08-04,260.0,2597.4
HP000123,2022-08-05,242.0,2417.58
HP000123,2022-08-06,234.0,2337.66
HP000123,2022-08-07,231.0,2307.69
HP000123,2022-08-08,237.0,2367.63
HP000123,2022-08-09,264.0,2637.36
HP000123,2022-08-10,271.0,2707.29
HP000123,2022-08-11,276.0,2757.2400000000002
HP000123,2022-08-12,216.0,2157.84
HP000123,2022-08-13,249.0,2487.51
HP000123,2022-08-14,247.0,2467.53
HP000123,2022-08-15,237.0,2367.63
HP000123,2022-08-16,250.0,2497.5
HP000123,2022-08-17,247.0,2467.53
HP000123,2022-08-18,255.0,2547.4500000000003
HP000123,2022-08-19,293.0,2927.07
HP000123,2022-08-20,218.0,2177.82
HP000123,2022-08-21,273.0,2727.27
HP000123,2022-08-22,255.0,2547.4500000000003
HP000123,2022-08-23,247.0,2467.53
HP000123,2022-08-24,262.0,2617.38
HP000123,2022-08-25,252.0,2517.48
HP000123,2022-08-26,267.0,2667.33
HP000123,2022-08-27,244.0,2437.56
HP000123,2022-08-28,251.0,2507.4900000000002
HP000123,2022-08-29,242.0,2417.58
HP000123,2022-08-30,244.0,2437.56
HP000123,2022-08-31,242.0,2417.58
HP000123,2022-09-01,245.0,2447.55
HP000123,2022-09-02,268.0,2677.32
HP000123,2022-09-03,240.0,2397.6
HP000123,2022-09-04,268.0,2677.32
HP000123,2022-09-05,263.0,2627.37
HP000123,2022-09-06,255.0,2547.4500000000003
HP000123,2022-09-07,255.0,2547.4500000000003
HP000123,2022-09-08,251.0,2507.4900000000002
HP000123,2022-09-09,270.0,2697.3
HP000123,2022-09-10,231.0,2307.69
HP000123,2022-09-11,240.0,2397.6
HP000123,2022-09-12,254.0,2537.46
HP000123,2022-09-13,235.0,2347.65
HP000123,2022-09-14,237.0,2367.63
HP000123,2022-09-15,267.0,2667.33
HP000123,2022-09-16,264.0,2637.36
HP000123,2022-09-17,260.0,2597.4
HP000123,2022-09-18,259.0,2587.41
HP000123,2022-09-19,255.0,2547.4500000000003
HP000123,2022-09-20,226.0,2257.7400000000002
HP000123,2022-09-21,272.0,2717.28
HP000123,2022-09-22,251.0,2507.4900000000002
HP000123,2022-09-23,253.0,2527.4700000000003
HP000123,2022-09-24,266.0,2657.34
HP000123,2022-09-25,238.0,2377.62
HP000123,2022-09-26,251.0,2507.4900000000002
HP000123,2022-09-27,288.0,2877.12
HP000123,2022-09-28,290.0,2897.1
HP000123,2022-09-29,251.0,2507.4900000000002
HP000123,2022-09-30,243.0,2427.57
HP000123,2022-10-01,258.0,2577.42
HP000123,2022-10-02,243.0,2427.57
HP000123,2022-10-03,254.0,2537.46
HP000123,2022-10-04,238.0,2377.62
HP000123,2022-10-05,271.0,2707.29
HP000123,2022-10-06,244.0,2437.56
HP000123,2022-10-07,243.0,2427.57
HP000123,2022-10-08,232.0,2317.68
HP000123,2022-10-09,245.0,2447.55
HP000123,2022-10-10,238.0,2377.62
HP000123,2022-10-11,230.0,2297.7000000000003
HP000123,2022-10-12,267.0,2667.33
HP000123,2022-10-13,267.0,2667.33
HP000123,2022-10-14,277.0,2767.23
HP000123,2022-10-15,244.0,2437.56
HP000123,2022-10-16,266.0,2657.34
HP000123,2022-10-17,264.0,2637.36
HP000123,2022-10-18,273.0,2727.27
HP000123,2022-10-19,245.0,2447.55
HP000123,2022-10-20,250.0,2497.5
HP000123,2022-10-21,244.0,2437.56
HP000123,2022-10-22,273.0,2727.27
HP000123,2022-10-23,263.0,2627.37
HP000123,2022-10-24,282.0,2817.18
HP000123,2022-10-25,238.0,2377.62
HP000123,2022-10-26,253.0,2527.4700000000003
HP000123,2022-10-27,278.0,2777.2200000000003
HP000123,2022-10-28,261.0,2607.39
HP000123,2022-10-29,234.0,2337.66
HP000123,2022-10-30,230.0,2297.7000000000003
HP000123,2022-10-31,266.0,2657.34
HP000123,2022-11-01,256.0,2557.44
HP000123,2022-11-02,275.0,2747.25
HP000123,2022-11-03,264.0,2637.36
HP000123,2022-11-04,234.0,2337.66
HP000123,2022-11-05,249.0,2487.51
HP000123,2022-11-06,243.0,2427.57
HP000123,2022-11-07,268.0,2677.32
HP000123,2022-11-08,249.0,2487.51
HP000123,2022-11-09,227.0,2267.73
HP000123,2022-11-10,235.0,2347.65
HP000123,2022-11-11,249.0,2487.51
HP000123,2022-11-12,271.0,2707.29
HP000123,2022-11-13,242.0,2417.58
HP000123,2022-11-14,252.0,2517.48
HP000123,2022-11-15,238.0,2377.62
HP000123,2022-11-16,267.0,2667.33
HP000123,2022-11-17,265.0,2647.35
HP000123,2022-11-18,289.0,2887.11
HP000123,2022-11-19,249.0,2487.51
HP000123,2022-11-20,232.0,2317.68
HP000123,2022-11-21,248.0,2477.52
HP000123,2022-11-22,248.0,2477.52
HP000123,2022-11-23,231.0,2307.69
HP000123,2022-11-24,251.0,2507.4900000000002
HP000123,2022-11-25,250.0,2497.5
HP000123,2022-11-26,245.0,2447.55
HP000123,2022-11-27,243.0,2427.57
HP000123,2022-11-28,264.0,2637.36
HP000123,2022-11-29,247.0,2467.53
HP000123,2022-11-30,250.0,2497.5
HP000123,2022-12-01,284.0,2837.16
HP000123,2022-12-02,243.0,2427.57
HP000123,2022-12-03,245.0,2447.55
HP000123,2022-12-04,241.0,2407.59
HP000123,2022-12-05,237.0,2367.63
HP000123,2022-12-06,244.0,2437.56
HP000123,2022-12-07,271.0,2707.29
HP000123,2022-12-08,241.0,2407.59
HP000123,2022-12-09,237.0,2367.63
HP000123,2022-12-10,249.0,2487.51
HP000123,2022-12-11,246.0,2457.54
HP000123,2022-12-12,261.0,2607.39
HP000123,2022-12-13,250.0,2497.5
HP000123,2022-12-14,239.0,2387.61
HP000123,2022-12-15,224.0,2237.76
HP000123,2022-12-16,238.0,2377.62
HP000123,2022-12-17,258.0,2577.42
HP000123,2022-12-18,267.0,2667.33
HP000123,2022-12-19,248.0,2477.52
HP000123,2022-12-20,272.0,2717.28
HP000123,2022-12-21,237.0,2367.63
HP000123,2022-12-22,251.0,2507.4900000000002
HP000123,2022-12-23,268.0,2677.32
HP000123,2022-12-24,234.0,2337.66
HP000123,2022-12-25,225.0,2247.75
HP000123,2022-12-26,245.0,2447.55
HP000123,2022-12-27,287.0,2867.13
HP000123,2022-12-28,247.0,2467.53
HP000123,2022-12-29,263.0,2627.37
HP000123,2022-12-30,233.0,2327.67
HP000123,2022-12-31,258.0,2577.42
HP000123,2023-01-01,273.0,2727.27
HP000123,2023-01-02,241.0,2407.59
HP000123,2023-01-03,262.0,2617.38
HP000123,2023-01-04,267.0,2667.33
HP000123,2023-01-05,281.0,2807.19
HP000123,2023-01-06,245.0,2447.55
HP000123,2023-01-07,227.0,2267.73
HP000123,2023-01-08,267.0,2667.33
HP000123,2023-01-09,262.0,2617.38
HP000123,2023-01-10,249.0,2487.51
HP000123,2023-01-11,247.0,2467.53
HP000123,2023-01-12,263.0,2627.37
HP000123,2023-01-13,263.0,2627.37
HP000123,2023-01-14,242.0,2417.58
HP000123,2023-01-15,237.0,2367.63
HP000123,2023-01-16,213.0,2127.87
HP000123,2023-01-17,244.0,2437.56
HP000123,2023-01-18,285.0,2847.15
HP000123,2023-01-19,266.0,2657.34
HP000123,2023-01-20,249.0,2487.51
HP000123,2023-01-21,214.0,2137.86
HP000123,2023-01-22,246.0,2457.54
HP000123,2023-01-23,257.0,2567.43
HP000123,2023-01-24,251.0,2507.4900000000002
HP000123,2023-01-25,232.0,2317.68
HP000123,2023-01-26,255.0,2547.4500000000003
HP000123,2023-01-27,246.0,2457.54
HP000123,2023-01-28,269.0,2687.31
HP000123,2023-01-29,256.0,2557.44
HP000123,2023-01-30,234.0,2337.66
HP000123,2023-01-31,247.0,2467.53
HP000123,2023-02-01,258.0,2577.42
HP000123,2023-02-02,234.0,2337.66
HP000123,2023-02-03,222.0,2217.78
HP000123,2023-02-04,261.0,2607.39
HP000123,2023-02-05,241.0,2407.59
HP000123,2023-02-06,257.0,2567.43
HP000123,2023-02-07,240.0,2397.6
HP000123,2023-02-08,246.0,2457.54
HP000123,2023-02-09,269.0,2687.31
HP000123,2023-02-10,262.0,2617.38
HP000123,2023-02-11,255.0,2547.4500000000003
HP000123,2023-02-12,259.0,2587.41
HP000123,2023-02-13,245.0,2447.55
HP000123,2023-02-14,260.0,2597.4
HP000123,2023-02-15,261.0,2607.39
HP000123,2023-02-16,243.0,2427.57
HP000123,2023-02-17,246.0,2457.54
HP000123,2023-02-18,233.0,2327.67
HP000123,2023-02-19,240.0,2397.6
HP000123,2023-02-20,236.0,2357.64
HP000123,2023-02-21,240.0,2397.6
HP000123,2023-02-22,272.0,2717.28
HP000123,2023-02-23,278.0,2777.2200000000003
HP000123,2023-02-24,229.0,2287.71
HP000123,2023-02-25,255.0,2547.4500000000003
HP000123,2023-02-26,234.0,2337.66
HP000123,2023-02-27,260.0,2597.4
HP000123,2023-02-28,239.0,2387.61
HP000123,2023-03-01,236.0,2357.64
HP000123,2023-03-02,240.0,2397.6
HP000123,2023-03-03,235.0,2347.65
HP000123,2023-03-04,242.0,2417.58
HP000123,2023-03-05,263.0,2627.37
HP000123,2023-03-06,253.0,2527.4700000000003
HP000123,2023-03-07,279.0,2787.21
HP000123,2023-03-08,241.0,2407.59
HP000123,2023-03-09,267.0,2667.33
HP000123,2023-03-10,249.0,2487.51
HP000123,2023-03-11,245.0,2447.55
HP000123,2023-03-12,259.0,2587.41
HP000123,2023-03-13,251.0,2507.4900000000002
HP000123,2023-03-14,241.0,2407.59
HP000123,2023-03-15,277.0,2767.23
HP000123,2023-03-16,254.0,2537.46
HP000123,2023-03-17,235.0,2347.65
HP000123,2023-03-18,243.0,2427.57
HP000123,2023-03-19,219.0,2187.81
HP000123,2023-03-20,241.0,2407.59
HP000123,2023-03-21,256.0,2557.44
HP000123,2023-03-22,261.0,2607.39
HP000123,2023-03-23,254.0,2537.46
HP000123,2023-03-24,240.0,2397.6
HP000123,2023-03-25,247.0,2467.53
HP000123,2023-03-26,279.0,2787.21
HP000123,2023-03-27,257.0,2567.43
HP000123,2023-03-28,258.0,2577.42
HP000123,2023-03-29,256.0,2557.44
HP000123,2023-03-30,253.0,2527.4700000000003
HP000123,2023-03-31,255.0,2547.4500000000003
HP000123,2023-04-01,230.0,2297.7000000000003
HP000123,2023-04-02,239.0,2387.61
HP000123,2023-04-03,236.0,2357.64
HP000123,2023-04-04,256.0,2557.44
HP000123,2023-04-05,238.0,2377.62
HP000122,2022-07-31,306.0,3056.94
HP000122,2022-08-01,303.0,3026.9700000000003
HP000122,2022-08-02,319.0,3186.81
HP000122,2022-08-03,350.0,3496.5
HP000122,2022-08-04,344.0,3436.56
HP000122,2022-08-05,262.0,2617.38
HP000122,2022-08-06,302.0,3016.98
HP000122,2022-08-07,283.0,2827.17
HP000122,2022-08-08,232.0,2317.68
HP000122,2022-08-09,343.0,3426.57
HP000122,2022-08-10,298.0,2977.02
HP000122,2022-08-11,330.0,3296.7000000000003
HP000122,2022-08-12,260.0,2597.4
HP000122,2022-08-13,322.0,3216.78
HP000122,2022-08-14,300.0,2997.0
HP000122,2022-08-15,346.0,3456.54
HP000122,2022-08-16,331.0,3306.69
HP000122,2022-08-17,305.0,3046.9500000000003
HP000122,2022-08-18,344.0,3436.56
HP000122,2022-08-19,296.0,2957.04
HP000122,2022-08-20,258.0,2577.42
HP000122,2022-08-21,208.0,2077.92
HP000122,2022-08-22,280.0,2797.2000000000003
HP000122,2022-08-23,284.0,2837.16
HP000122,2022-08-24,301.0,3006.9900000000002
HP000122,2022-08-25,261.0,2607.39
HP000122,2022-08-26,283.0,2827.17
HP000122,2022-08-27,269.0,2687.31
HP000122,2022-08-28,313.0,3126.87
HP000122,2022-08-29,297.0,2967.03
HP000122,2022-08-30,258.0,2577.42
HP000122,2022-08-31,276.0,2757.2400000000002
HP000122,2022-09-01,284.0,2837.16
HP000122,2022-09-02,353.0,3526.4700000000003
HP000122,2022-09-03,269.0,2687.31
HP000122,2022-09-04,326.0,3256.7400000000002
HP000122,2022-09-05,279.0,2787.21
HP000122,2022-09-06,271.0,2707.29
HP000122,2022-09-07,335.0,3346.65
HP000122,2022-09-08,314.0,3136.86
HP000122,2022-09-09,295.0,2947.05
HP000122,2022-09-10,261.0,2607.39
HP000122,2022-09-11,275.0,2747.25
HP000122,2022-09-12,315.0,3146.85
HP000122,2022-09-13,321.0,3206.79
HP000122,2022-09-14,239.0,2387.61
HP000122,2022-09-15,329.0,3286.71
HP000122,2022-09-16,269.0,2687.31
HP000122,2022-09-17,293.0,2927.07
HP000122,2022-09-18,297.0,2967.03
HP000122,2022-09-19,308.0,3076.92
HP000122,2022-09-20,286.0,2857.14
HP000122,2022-09-21,288.0,2877.12
HP000122,2022-09-22,327.0,3266.73
HP000122,2022-09-23,283.0,2827.17
HP000122,2022-09-24,282.0,2817.18
HP000122,2022-09-25,272.0,2717.28
HP000122,2022-09-26,335.0,3346.65
HP000122,2022-09-27,293.0,2927.07
HP000122,2022-09-28,329.0,3286.71
HP000122,2022-09-29,333.0,3326.67
HP000122,2022-09-30,283.0,2827.17
HP000122,2022-10-01,386.0,3856.14
HP000122,2022-10-02,244.0,2437.56
HP000122,2022-10-03,345.0,3446.55
HP000122,2022-10-04,266.0,2657.34
HP000122,2022-10-05,333.0,3326.67
HP000122,2022-10-06,305.0,3046.9500000000003
HP000122,2022-10-07,300.0,2997.0
HP000122,2022-10-08,366.0,3656.34
HP000122,2022-10-09,333.0,3326.67
HP000122,2022-10-10,307.0,3066.9300000000003
HP000122,2022-10-11,304.0,3036.96
HP000122,2022-10-12,279.0,2787.21
HP000122,2022-10-13,325.0,3246.75
HP000122,2022-10-14,213.0,2127.87
HP000122,2022-10-15,308.0,3076.92
HP000122,2022-10-16,315.0,3146.85
HP000122,2022-10-17,345.0,3446.55
HP000122,2022-10-18,308.0,3076.92
HP000122,2022-10-19,312.0,3116.88
HP000122,2022-10-20,290.0,2897.1
HP000122,2022-10-21,334.0,3336.66
HP000122,2022-10-22,332.0,3316.6800000000003
HP000122,2022-10-23,221.0,2207.79
HP000122,2022-10-24,286.0,2857.14
HP000122,2022-10-25,325.0,3246.75
HP000122,2022-10-26,336.0,3356.64
HP000122,2022-10-27,313.0,3126.87
HP000122,2022-10-28,266.0,2657.34
HP000122,2022-10-29,329.0,3286.71
HP000122,2022-10-30,317.0,3166.83
HP000122,2022-10-31,256.0,2557.44
HP000122,2022-11-01,296.0,2957.04
HP000122,2022-11-02,339.0,3386.61
HP000122,2022-11-03,335.0,3346.65
HP000122,2022-11-04,245.0,2447.55
HP000122,2022-11-05,302.0,3016.98
HP000122,2022-11-06,311.0,3106.89
HP000122,2022-11-07,311.0,3106.89
HP000122,2022-11-08,325.0,3246.75
HP000122,2022-11-09,285.0,2847.15
HP000122,2022-11-10,331.0,3306.69
HP000122,2022-11-11,272.0,2717.28
HP000122,2022-11-12,296.0,2957.04
HP000122,2022-11-13,294.0,2937.06
HP000122,2022-11-14,339.0,3386.61
HP000122,2022-11-15,299.0,2987.01
HP000122,2022-11-16,318.0,3176.82
HP000122,2022-11-17,337.0,3366.63
HP000122,2022-11-18,242.0,2417.58
HP000122,2022-11-19,331.0,3306.69
HP000122,2022-11-20,323.0,3226.77
HP000122,2022-11-21,345.0,3446.55
HP000122,2022-11-22,321.0,3206.79
HP000122,2022-11-23,291.0,2907.09
HP000122,2022-11-24,377.0,3766.23
HP000122,2022-11-25,339.0,3386.61
HP000122,2022-11-26,272.0,2717.28
HP000122,2022-11-27,268.0,2677.32
HP000122,2022-11-28,310.0,3096.9
HP000122,2022-11-29,319.0,3186.81
HP000122,2022-11-30,263.0,2627.37
HP000122,2022-12-01,277.0,2767.23
HP000122,2022-12-02,252.0,2517.48
HP000122,2022-12-03,300.0,2997.0
HP000122,2022-12-04,334.0,3336.66
HP000122,2022-12-05,292.0,2917.08
HP000122,2022-12-06,312.0,3116.88
HP000122,2022-12-07,319.0,3186.81
HP000122,2022-12-08,285.0,2847.15
HP000122,2022-12-09,275.0,2747.25
HP000122,2022-12-10,250.0,2497.5
HP000122,2022-12-11,293.0,2927.07
HP000122,2022-12-12,295.0,2947.05
HP000122,2022-12-13,316.0,3156.84
HP000122,2022-12-14,275.0,2747.25
HP000122,2022-12-15,332.0,3316.6800000000003
HP000122,2022-12-16,269.0,2687.31
HP000122,2022-12-17,313.0,3126.87
HP000122,2022-12-18,258.0,2577.42
HP000122,2022-12-19,301.0,3006.9900000000002
HP000122,2022-12-20,314.0,3136.86
HP000122,2022-12-21,341.0,3406.59
HP000122,2022-12-22,288.0,2877.12
HP000122,2022-12-23,306.0,3056.94
HP000122,2022-12-24,276.0,2757.2400000000002
HP000122,2022-12-25,308.0,3076.92
HP000122,2022-12-26,339.0,3386.61
HP000122,2022-12-27,296.0,2957.04
HP000122,2022-12-28,269.0,2687.31
HP000122,2022-12-29,309.0,3086.91
HP000122,2022-12-30,259.0,2587.41
HP000122,2022-12-31,286.0,2857.14
HP000122,2023-01-01,325.0,3246.75
HP000122,2023-01-02,231.0,2307.69
HP000122,2023-01-03,281.0,2807.19
HP000122,2023-01-04,290.0,2897.1
HP000122,2023-01-05,301.0,3006.9900000000002
HP000122,2023-01-06,278.0,2777.2200000000003
HP000122,2023-01-07,284.0,2837.16
HP000122,2023-01-08,331.0,3306.69
HP000122,2023-01-09,317.0,3166.83
HP000122,2023-01-10,325.0,3246.75
HP000122,2023-01-11,305.0,3046.9500000000003
HP000122,2023-01-12,271.0,2707.29
HP000122,2023-01-13,345.0,3446.55
HP000122,2023-01-14,267.0,2667.33
HP000122,2023-01-15,293.0,2927.07
HP000122,2023-01-16,278.0,2777.2200000000003
HP000122,2023-01-17,294.0,2937.06
HP000122,2023-01-18,320.0,3196.8
HP000122,2023-01-19,300.0,2997.0
HP000122,2023-01-20,281.0,2807.19
HP000122,2023-01-21,324.0,3236.76
HP000122,2023-01-22,286.0,2857.14
HP000122,2023-01-23,270.0,2697.3
HP000122,2023-01-24,339.0,3386.61
HP000122,2023-01-25,300.0,2997.0
HP000122,2023-01-26,266.0,2657.34
HP000122,2023-01-27,292.0,2917.08
HP000122,2023-01-28,314.0,3136.86
HP000122,2023-01-29,309.0,3086.91
HP000122,2023-01-30,324.0,3236.76
HP000122,2023-01-31,286.0,2857.14
HP000122,2023-02-01,309.0,3086.91
HP000122,2023-02-02,303.0,3026.9700000000003
HP000122,2023-02-03,316.0,3156.84
HP000122,2023-02-04,324.0,3236.76
HP000122,2023-02-05,354.0,3536.46
HP000122,2023-02-06,316.0,3156.84
HP000122,2023-02-07,322.0,3216.78
HP000122,2023-02-08,290.0,2897.1
HP000122,2023-02-09,310.0,3096.9
HP000122,2023-02-10,277.0,2767.23
HP000122,2023-02-11,299.0,2987.01
HP000122,2023-02-12,270.0,2697.3
HP000122,2023-02-13,318.0,3176.82
HP000122,2023-02-14,314.0,3136.86
HP000122,2023-02-15,298.0,2977.02
HP000122,2023-02-16,309.0,3086.91
HP000122,2023-02-17,320.0,3196.8
HP000122,2023-02-18,285.0,2847.15
HP000122,2023-02-19,303.0,3026.9700000000003
HP000122,2023-02-20,268.0,2677.32
HP000122,2023-02-21,264.0,2637.36
HP000122,2023-02-22,286.0,2857.14
HP000122,2023-02-23,303.0,3026.9700000000003
HP000122,2023-02-24,260.0,2597.4
HP000122,2023-02-25,274.0,2737.26
HP000122,2023-02-26,325.0,3246.75
HP000122,2023-02-27,326.0,3256.7400000000002
HP000122,2023-02-28,297.0,2967.03
HP000122,2023-03-01,313.0,3126.87
HP000122,2023-03-02,248.0,2477.52
HP000122,2023-03-03,301.0,3006.9900000000002
HP000122,2023-03-04,284.0,2837.16
HP000122,2023-03-05,299.0,2987.01
HP000122,2023-03-06,330.0,3296.7000000000003
HP000122,2023-03-07,305.0,3046.9500000000003
HP000122,2023-03-08,338.0,3376.62
HP000122,2023-03-09,293.0,2927.07
HP000122,2023-03-10,328.0,3276.7200000000003
HP000122,2023-03-11,272.0,2717.28
HP000122,2023-03-12,294.0,2937.06
HP000122,2023-03-13,279.0,2787.21
HP000122,2023-03-14,300.0,2997.0
HP000122,2023-03-15,308.0,3076.92
HP000122,2023-03-16,341.0,3406.59
HP000122,2023-03-17,311.0,3106.89
HP000122,2023-03-18,303.0,3026.9700000000003
HP000122,2023-03-19,334.0,3336.66
HP000122,2023-03-20,310.0,3096.9
HP000122,2023-03-21,295.0,2947.05
HP000122,2023-03-22,300.0,2997.0
HP000122,2023-03-23,268.0,2677.32
HP000122,2023-03-24,290.0,2897.1
HP000122,2023-03-25,318.0,3176.82
HP000122,2023-03-26,298.0,2977.02
HP000122,2023-03-27,318.0,3176.82
HP000122,2023-03-28,317.0,3166.83
HP000122,2023-03-29,297.0,2967.03
HP000122,2023-03-30,318.0,3176.82
HP000122,2023-03-31,256.0,2557.44
HP000122,2023-04-01,286.0,2857.14
HP000122,2023-04-02,318.0,3176.82
HP000122,2023-04-03,265.0,2647.35
HP000122,2023-04-04,308.0,3076.92
HP000122,2023-04-05,295.0,2947.05
HP000234,2022-07-31,100.0,2499.0
HP000234,2022-08-01,99.0,2474.0099999999998
HP000234,2022-08-02,104.0,2598.96
HP000234,2022-08-03,106.0,2648.94
HP000234,2022-08-04,96.0,2399.04
HP000234,2022-08-05,101.0,2523.99
HP000234,2022-08-06,106.0,2648.94
HP000234,2022-08-07,100.0,2499.0
HP000234,2022-08-08,102.0,2548.98
HP000234,2022-08-09,99.0,2474.0099999999998
HP000234,2022-08-10,99.0,2474.0099999999998
HP000234,2022-08-11,98.0,2449.02
HP000234,2022-08-12,95.0,2374.0499999999997
HP000234,2022-08-13,97.0,2424.0299999999997
HP000234,2022-08-14,96.0,2399.04
HP000234,2022-08-15,102.0,2548.98
HP000234,2022-08-16,94.0,2349.06
HP000234,2022-08-17,99.0,2474.0099999999998
HP000234,2022-08-18,92.0,2299.08
HP000234,2022-08-19,93.0,2324.0699999999997
HP000234,2022-08-20,104.0,2598.96
HP000234,2022-08-21,96.0,2399.04
HP000234,2022-08-22,89.0,2224.1099999999997
HP000234,2022-08-23,101.0,2523.99
HP000234,2022-08-24,103.0,2573.97
HP000234,2022-08-25,105.0,2623.95
HP000234,2022-08-26,100.0,2499.0
HP000234,2022-08-27,94.0,2349.06
HP000234,2022-08-28,97.0,2424.0299999999997
HP000234,2022-08-29,102.0,2548.98
HP000234,2022-08-30,107.0,2673.93
HP000234,2022-08-31,103.0,2573.97
HP000234,2022-09-01,92.0,2299.08
HP000234,2022-09-02,109.0,2723.91
HP000234,2022-09-03,91.0,2274.0899999999997
HP000234,2022-09-04,98.0,2449.02
HP000234,2022-09-05,101.0,2523.99
HP000234,2022-09-06,108.0,2698.9199999999996
HP000234,2022-09-07,101.0,2523.99
HP000234,2022-09-08,103.0,2573.97
HP000234,2022-09-09,102.0,2548.98
HP000234,2022-09-10,92.0,2299.08
HP000234,2022-09-11,104.0,2598.96
HP000234,2022-09-12,97.0,2424.0299999999997
HP000234,2022-09-13,94.0,2349.06
HP000234,2022-09-14,93.0,2324.0699999999997
HP000234,2022-09-15,95.0,2374.0499999999997
HP000234,2022-09-16,89.0,2224.1099999999997
HP000234,2022-09-17,102.0,2548.98
HP000234,2022-09-18,95.0,2374.0499999999997
HP000234,2022-09-19,97.0,2424.0299999999997
HP000234,2022-09-20,105.0,2623.95
HP000234,2022-09-21,103.0,2573.97
HP000234,2022-09-22,95.0,2374.0499999999997
HP000234,2022-09-23,108.0,2698.9199999999996
HP000234,2022-09-24,93.0,2324.0699999999997
HP000234,2022-09-25,90.0,2249.1
HP000234,2022-09-26,101.0,2523.99
HP000234,2022-09-27,100.0,2499.0
HP000234,2022-09-28,98.0,2449.02
HP000234,2022-09-29,96.0,2399.04
HP000234,2022-09-30,104.0,2598.96
HP000234,2022-10-01,94.0,2349.06
HP000234,2022-10-02,102.0,2548.98
HP000234,2022-10-03,92.0,2299.08
HP000234,2022-10-04,97.0,2424.0299999999997
HP000234,2022-10-05,94.0,2349.06
HP000234,2022-10-06,96.0,2399.04
HP000234,2022-10-07,101.0,2523.99
HP000234,2022-10-08,96.0,2399.04
HP000234,2022-10-09,106.0,2648.94
HP000234,2022-10-10,100.0,2499.0
HP000234,2022-10-11,102.0,2548.98
HP000234,2022-10-12,100.0,2499.0
HP000234,2022-10-13,107.0,2673.93
HP000234,2022-10-14,94.0,2349.06
HP000234,2022-10-15,98.0,2449.02
HP000234,2022-10-16,95.0,2374.0499999999997
HP000234,2022-10-17,98.0,2449.02
HP000234,2022-10-18,96.0,2399.04
HP000234,2022-10-19,97.0,2424.0299999999997
HP000234,2022-10-20,96.0,2399.04
HP000234,2022-10-21,97.0,2424.0299999999997
HP000234,2022-10-22,108.0,2698.9199999999996
HP000234,2022-10-23,106.0,2648.94
HP000234,2022-10-24,108.0,2698.9199999999996
HP000234,2022-10-25,109.0,2723.91
HP000234,2022-10-26,101.0,2523.99
HP000234,2022-10-27,100.0,2499.0
HP000234,2022-10-28,99.0,2474.0099999999998
HP000234,2022-10-29,95.0,2374.0499999999997
HP000234,2022-10-30,107.0,2673.93
HP000234,2022-10-31,95.0,2374.0499999999997
HP000234,2022-11-01,102.0,2548.98
HP000234,2022-11-02,90.0,2249.1
HP000234,2022-11-03,102.0,2548.98
HP000234,2022-11-04,102.0,2548.98
HP000234,2022-11-05,95.0,2374.0499999999997
HP000234,2022-11-06,94.0,2349.06
HP000234,2022-11-07,99.0,2474.0099999999998
HP000234,2022-11-08,100.0,2499.0
HP000234,2022-11-09,94.0,2349.06
HP000234,2022-11-10,102.0,2548.98
HP000234,2022-11-11,103.0,2573.97
HP000234,2022-11-12,106.0,2648.94
HP000234,2022-11-13,104.0,2598.96
HP000234,2022-11-14,101.0,2523.99
HP000234,2022-11-15,100.0,2499.0
HP000234,2022-11-16,110.0,2748.8999999999996
HP000234,2022-11-17,102.0,2548.98
HP000234,2022-11-18,109.0,2723.91
HP000234,2022-11-19,102.0,2548.98
HP000234,2022-11-20,107.0,2673.93
HP000234,2022-11-21,99.0,2474.0099999999998
HP000234,2022-11-22,104.0,2598.96
HP000234,2022-11-23,98.0,2449.02
HP000234,2022-11-24,103.0,2573.97
HP000234,2022-11-25,90.0,2249.1
HP000234,2022-11-26,96.0,2399.04
HP000234,2022-11-27,100.0,2499.0
HP000234,2022-11-28,98.0,2449.02
HP000234,2022-11-29,100.0,2499.0
HP000234,2022-11-30,93.0,2324.0699999999997
HP000234,2022-12-01,94.0,2349.06
HP000234,2022-12-02,98.0,2449.02
HP000234,2022-12-03,98.0,2449.02
HP000234,2022-12-04,97.0,2424.0299999999997
HP000234,2022-12-05,96.0,2399.04
HP000234,2022-12-06,100.0,2499.0
HP000234,2022-12-07,104.0,2598.96
HP000234,2022-12-08,102.0,2548.98
HP000234,2022-12-09,97.0,2424.0299999999997
HP000234,2022-12-10,102.0,2548.98
HP000234,2022-12-11,95.0,2374.0499999999997
HP000234,2022-12-12,104.0,2598.96
HP000234,2022-12-13,93.0,2324.0699999999997
HP000234,2022-12-14,106.0,2648.94
HP000234,2022-12-15,105.0,2623.95
HP000234,2022-12-16,104.0,2598.96
HP000234,2022-12-17,109.0,2723.91
HP000234,2022-12-18,88.0,2199.12
HP000234,2022-12-19,88.0,2199.12
HP000234,2022-12-20,103.0,2573.97
HP000234,2022-12-21,95.0,2374.0499999999997
HP000234,2022-12-22,98.0,2449.02
HP000234,2022-12-23,102.0,2548.98
HP000234,2022-12-24,92.0,2299.08
HP000234,2022-12-25,100.0,2499.0
HP000234,2022-12-26,96.0,2399.04
HP000234,2022-12-27,102.0,2548.98
HP000234,2022-12-28,102.0,2548.98
HP000234,2022-12-29,100.0,2499.0
HP000234,2022-12-30,102.0,2548.98
HP000234,2022-12-31,96.0,2399.04
HP000234,2023-01-01,104.0,2598.96
HP000234,2023-01-02,87.0,2174.1299999999997
HP000234,2023-01-03,110.0,2748.8999999999996
HP000234,2023-01-04,100.0,2499.0
HP000234,2023-01-05,100.0,2499.0
HP000234,2023-01-06,101.0,2523.99
HP000234,2023-01-07,98.0,2449.02
HP000234,2023-01-08,97.0,2424.0299999999997
HP000234,2023-01-09,99.0,2474.0099999999998
HP000234,2023-01-10,96.0,2399.04
HP000234,2023-01-11,105.0,2623.95
HP000234,2023-01-12,97.0,2424.0299999999997
HP000234,2023-01-13,92.0,2299.08
HP000234,2023-01-14,102.0,2548.98
HP000234,2023-01-15,101.0,2523.99
HP000234,2023-01-16,96.0,2399.04
HP000234,2023-01-17,98.0,2449.02
HP000234,2023-01-18,102.0,2548.98
HP000234,2023-01-19,101.0,2523.99
HP000234,2023-01-20,95.0,2374.0499999999997
HP000234,2023-01-21,100.0,2499.0
HP000234,2023-01-22,105.0,2623.95
HP000234,2023-01-23,91.0,2274.0899999999997
HP000234,2023-01-24,102.0,2548.98
HP000234,2023-01-25,101.0,2523.99
HP000234,2023-01-26,105.0,2623.95
HP000234,2023-01-27,95.0,2374.0499999999997
HP000234,2023-01-28,94.0,2349.06
HP000234,2023-01-29,107.0,2673.93
HP000234,2023-01-30,106.0,2648.94
HP000234,2023-01-31,95.0,2374.0499999999997
HP000234,2023-02-01,101.0,2523.99
HP000234,2023-02-02,102.0,2548.98
HP000234,2023-02-03,101.0,2523.99
HP000234,2023-02-04,100.0,2499.0
HP000234,2023-02-05,105.0,2623.95
HP000234,2023-02-06,102.0,2548.98
HP000234,2023-02-07,98.0,2449.02
HP000234,2023-02-08,100.0,2499.0
HP000234,2023-02-09,96.0,2399.04
HP000234,2023-02-10,98.0,2449.02
HP000234,2023-02-11,98.0,2449.02
HP000234,2023-02-12,96.0,2399.04
HP000234,2023-02-13,98.0,2449.02
HP000234,2023-02-14,98.0,2449.02
HP000234,2023-02-15,101.0,2523.99
HP000234,2023-02-16,109.0,2723.91
HP000234,2023-02-17,110.0,2748.8999999999996
HP000234,2023-02-18,109.0,2723.91
HP000234,2023-02-19,104.0,2598.96
HP000234,2023-02-20,105.0,2623.95
HP000234,2023-02-21,107.0,2673.93
HP000234,2023-02-22,103.0,2573.97
HP000234,2023-02-23,104.0,2598.96
HP000234,2023-02-24,98.0,2449.02
HP000234,2023-02-25,98.0,2449.02
HP000234,2023-02-26,102.0,2548.98
HP000234,2023-02-27,97.0,2424.0299999999997
HP000234,2023-02-28,94.0,2349.06
HP000234,2023-03-01,106.0,2648.94
HP000234,2023-03-02,92.0,2299.08
HP000234,2023-03-03,98.0,2449.02
HP000234,2023-03-04,93.0,2324.0699999999997
HP000234,2023-03-05,98.0,2449.02
HP000234,2023-03-06,102.0,2548.98
HP000234,2023-03-07,104.0,2598.96
HP000234,2023-03-08,97.0,2424.0299999999997
HP000234,2023-03-09,105.0,2623.95
HP000234,2023-03-10,100.0,2499.0
HP000234,2023-03-11,95.0,2374.0499999999997
HP000234,2023-03-12,102.0,2548.98
HP000234,2023-03-13,106.0,2648.94
HP000234,2023-03-14,105.0,2623.95
HP000234,2023-03-15,99.0,2474.0099999999998
HP000234,2023-03-16,102.0,2548.98
HP000234,2023-03-17,101.0,2523.99
HP000234,2023-03-18,102.0,2548.98
HP000234,2023-03-19,108.0,2698.9199999999996
HP000234,2023-03-20,99.0,2474.0099999999998
HP000234,2023-03-21,102.0,2548.98
HP000234,2023-03-22,97.0,2424.0299999999997
HP000234,2023-03-23,97.0,2424.0299999999997
HP000234,2023-03-24,104.0,2598.96
HP000234,2023-03-25,101.0,2523.99
HP000234,2023-03-26,97.0,2424.0299999999997
HP000234,2023-03-27,113.0,2823.87
HP000234,2023-03-28,94.0,2349.06
HP000234,2023-03-29,90.0,2249.1
HP000234,2023-03-30,105.0,2623.95
HP000234,2023-03-31,105.0,2623.95
HP000234,2023-04-01,97.0,2424.0299999999997
HP000234,2023-04-02,96.0,2399.04
HP000234,2023-04-03,93.0,2324.0699999999997
HP000234,2023-04-04,96.0,2399.04
HP000234,2023-04-05,104.0,2598.96
HP000235,2022-07-31,96.0,3839.04
HP000235,2022-08-01,104.0,4158.96
HP000235,2022-08-02,126.0,5038.740000000001
HP000235,2022-08-03,86.0,3439.1400000000003
HP000235,2022-08-04,97.0,3879.03
HP000235,2022-08-05,88.0,3519.1200000000003
HP000235,2022-08-06,100.0,3999.0
HP000235,2022-08-07,103.0,4118.97
HP000235,2022-08-08,102.0,4078.98
HP000235,2022-08-09,104.0,4158.96
HP000235,2022-08-10,103.0,4118.97
HP000235,2022-08-11,115.0,4598.85
HP000235,2022-08-12,88.0,3519.1200000000003
HP000235,2022-08-13,86.0,3439.1400000000003
HP000235,2022-08-14,105.0,4198.95
HP000235,2022-08-15,100.0,3999.0
HP000235,2022-08-16,78.0,3119.2200000000003
HP000235,2022-08-17,122.0,4878.780000000001
HP000235,2022-08-18,91.0,3639.09
HP000235,2022-08-19,92.0,3679.0800000000004
HP000235,2022-08-20,89.0,3559.11
HP000235,2022-08-21,99.0,3959.01
HP000235,2022-08-22,96.0,3839.04
HP000235,2022-08-23,103.0,4118.97
HP000235,2022-08-24,99.0,3959.01
HP000235,2022-08-25,111.0,4438.89
HP000235,2022-08-26,107.0,4278.93
HP000235,2022-08-27,89.0,3559.11
HP000235,2022-08-28,109.0,4358.91
HP000235,2022-08-29,92.0,3679.0800000000004
HP000235,2022-08-30,99.0,3959.01
HP000235,2022-08-31,102.0,4078.98
HP000235,2022-09-01,123.0,4918.77
HP000235,2022-09-02,113.0,4518.87
HP000235,2022-09-03,107.0,4278.93
HP000235,2022-09-04,114.0,4558.860000000001
HP000235,2022-09-05,101.0,4038.9900000000002
HP000235,2022-09-06,97.0,3879.03
HP000235,2022-09-07,105.0,4198.95
HP000235,2022-09-08,106.0,4238.9400000000005
HP000235,2022-09-09,88.0,3519.1200000000003
HP000235,2022-09-10,84.0,3359.1600000000003
HP000235,2022-09-11,91.0,3639.09
HP000235,2022-09-12,107.0,4278.93
HP000235,2022-09-13,96.0,3839.04
HP000235,2022-09-14,94.0,3759.0600000000004
HP000235,2022-09-15,96.0,3839.04
HP000235,2022-09-16,106.0,4238.9400000000005
HP000235,2022-09-17,94.0,3759.0600000000004
HP000235,2022-09-18,89.0,3559.11
HP000235,2022-09-19,102.0,4078.98
HP000235,2022-09-20,98.0,3919.02
HP000235,2022-09-21,111.0,4438.89
HP000235,2022-09-22,112.0,4478.88
HP000235,2022-09-23,101.0,4038.9900000000002
HP000235,2022-09-24,102.0,4078.98
HP000235,2022-09-25,85.0,3399.15
HP000235,2022-09-26,100.0,3999.0
HP000235,2022-09-27,113.0,4518.87
HP000235,2022-09-28,94.0,3759.0600000000004
HP000235,2022-09-29,98.0,3919.02
HP000235,2022-09-30,106.0,4238.9400000000005
HP000235,2022-10-01,94.0,3759.0600000000004
HP000235,2022-10-02,74.0,2959.26
HP000235,2022-10-03,83.0,3319.17
HP000235,2022-10-04,86.0,3439.1400000000003
HP000235,2022-10-05,82.0,3279.1800000000003
HP000235,2022-10-06,99.0,3959.01
HP000235,2022-10-07,122.0,4878.780000000001
HP000235,2022-10-08,99.0,3959.01
HP000235,2022-10-09,97.0,3879.03
HP000235,2022-10-10,115.0,4598.85
HP000235,2022-10-11,97.0,3879.03
HP000235,2022-10-12,104.0,4158.96
HP000235,2022-10-13,99.0,3959.01
HP000235,2022-10-14,103.0,4118.97
HP000235,2022-10-15,94.0,3759.0600000000004
HP000235,2022-10-16,88.0,3519.1200000000003
HP000235,2022-10-17,98.0,3919.02
HP000235,2022-10-18,110.0,4398.900000000001
HP000235,2022-10-19,102.0,4078.98
HP000235,2022-10-20,114.0,4558.860000000001
HP000235,2022-10-21,92.0,3679.0800000000004
HP000235,2022-10-22,112.0,4478.88
HP000235,2022-10-23,89.0,3559.11
HP000235,2022-10-24,102.0,4078.98
HP000235,2022-10-25,118.0,4718.820000000001
HP000235,2022-10-26,100.0,3999.0
HP000235,2022-10-27,111.0,4438.89
HP000235,2022-10-28,109.0,4358.91
HP000235,2022-10-29,110.0,4398.900000000001
HP000235,2022-10-30,92.0,3679.0800000000004
HP000235,2022-10-31,88.0,3519.1200000000003
HP000235,2022-11-01,95.0,3799.05
HP000235,2022-11-02,111.0,4438.89
HP000235,2022-11-03,82.0,3279.1800000000003
HP000235,2022-11-04,97.0,3879.03
HP000235,2022-11-05,112.0,4478.88
HP000235,2022-11-06,100.0,3999.0
HP000235,2022-11-07,93.0,3719.07
HP000235,2022-11-08,101.0,4038.9900000000002
HP000235,2022-11-09,106.0,4238.9400000000005
HP000235,2022-11-10,90.0,3599.1000000000004
HP000235,2022-11-11,78.0,3119.2200000000003
HP000235,2022-11-12,95.0,3799.05
HP000235,2022-11-13,111.0,4438.89
HP000235,2022-11-14,104.0,4158.96
HP000235,2022-11-15,109.0,4358.91
HP000235,2022-11-16,88.0,3519.1200000000003
HP000235,2022-11-17,92.0,3679.0800000000004
HP000235,2022-11-18,118.0,4718.820000000001
HP000235,2022-11-19,106.0,4238.9400000000005
HP000235,2022-11-20,103.0,4118.97
HP000235,2022-11-21,94.0,3759.0600000000004
HP000235,2022-11-22,94.0,3759.0600000000004
HP000235,2022-11-23,107.0,4278.93
HP000235,2022-11-24,104.0,4158.96
HP000235,2022-11-25,108.0,4318.92
HP000235,2022-11-26,90.0,3599.1000000000004
HP000235,2022-11-27,87.0,3479.13
HP000235,2022-11-28,99.0,3959.01
HP000235,2022-11-29,97.0,3879.03
HP000235,2022-11-30,93.0,3719.07
HP000235,2022-12-01,88.0,3519.1200000000003
HP000235,2022-12-02,86.0,3439.1400000000003
HP000235,2022-12-03,86.0,3439.1400000000003
HP000235,2022-12-04,79.0,3159.21
HP000235,2022-12-05,100.0,3999.0
HP000235,2022-12-06,90.0,3599.1000000000004
HP000235,2022-12-07,98.0,3919.02
HP000235,2022-12-08,114.0,4558.860000000001
HP000235,2022-12-09,101.0,4038.9900000000002
HP000235,2022-12-10,120.0,4798.8
HP000235,2022-12-11,99.0,3959.01
HP000235,2022-12-12,114.0,4558.860000000001
HP000235,2022-12-13,89.0,3559.11
HP000235,2022-12-14,94.0,3759.0600000000004
HP000235,2022-12-15,104.0,4158.96
HP000235,2022-12-16,99.0,3959.01
HP000235,2022-12-17,124.0,4958.76
HP000235,2022-12-18,96.0,3839.04
HP000235,2022-12-19,94.0,3759.0600000000004
HP000235,2022-12-20,89.0,3559.11
HP000235,2022-12-21,97.0,3879.03
HP000235,2022-12-22,97.0,3879.03
HP000235,2022-12-23,108.0,4318.92
HP000235,2022-12-24,108.0,4318.92
HP000235,2022-12-25,100.0,3999.0
HP000235,2022-12-26,83.0,3319.17
HP000235,2022-12-27,101.0,4038.9900000000002
HP000235,2022-12-28,105.0,4198.95
HP000235,2022-12-29,102.0,4078.98
HP000235,2022-12-30,119.0,4758.81
HP000235,2022-12-31,96.0,3839.04
HP000235,2023-01-01,104.0,4158.96
HP000235,2023-01-02,92.0,3679.0800000000004
HP000235,2023-01-03,97.0,3879.03
HP000235,2023-01-04,99.0,3959.01
HP000235,2023-01-05,110.0,4398.900000000001
HP000235,2023-01-06,112.0,4478.88
HP000235,2023-01-07,110.0,4398.900000000001
HP000235,2023-01-08,86.0,3439.1400000000003
HP000235,2023-01-09,111.0,4438.89
HP000235,2023-01-10,103.0,4118.97
HP000235,2023-01-11,83.0,3319.17
HP000235,2023-01-12,88.0,3519.1200000000003
HP000235,2023-01-13,101.0,4038.9900000000002
HP000235,2023-01-14,106.0,4238.9400000000005
HP000235,2023-01-15,101.0,4038.9900000000002
HP000235,2023-01-16,81.0,3239.19
HP000235,2023-01-17,93.0,3719.07
HP000235,2023-01-18,103.0,4118.97
HP000235,2023-01-19,109.0,4358.91
HP000235,2023-01-20,68.0,2719.32
HP000235,2023-01-21,108.0,4318.92
HP000235,2023-01-22,104.0,4158.96
HP000235,2023-01-23,95.0,3799.05
HP000235,2023-01-24,118.0,4718.820000000001
HP000235,2023-01-25,96.0,3839.04
HP000235,2023-01-26,106.0,4238.9400000000005
HP000235,2023-01-27,104.0,4158.96
HP000235,2023-01-28,95.0,3799.05
HP000235,2023-01-29,105.0,4198.95
HP000235,2023-01-30,109.0,4358.91
HP000235,2023-01-31,107.0,4278.93
HP000235,2023-02-01,97.0,3879.03
HP000235,2023-02-02,103.0,4118.97
HP000235,2023-02-03,100.0,3999.0
HP000235,2023-02-04,108.0,4318.92
HP000235,2023-02-05,99.0,3959.01
HP000235,2023-02-06,91.0,3639.09
HP000235,2023-02-07,89.0,3559.11
HP000235,2023-02-08,106.0,4238.9400000000005
HP000235,2023-02-09,84.0,3359.1600000000003
HP000235,2023-02-10,82.0,3279.1800000000003
HP000235,2023-02-11,105.0,4198.95
HP000235,2023-02-12,104.0,4158.96
HP000235,2023-02-13,98.0,3919.02
HP000235,2023-02-14,86.0,3439.1400000000003
HP000235,2023-02-15,112.0,4478.88
HP000235,2023-02-16,101.0,4038.9900000000002
HP000235,2023-02-17,103.0,4118.97
HP000235,2023-02-18,86.0,3439.1400000000003
HP000235,2023-02-19,92.0,3679.0800000000004
HP000235,2023-02-20,114.0,4558.860000000001
HP000235,2023-02-21,96.0,3839.04
HP000235,2023-02-22,93.0,3719.07
HP000235,2023-02-23,115.0,4598.85
HP000235,2023-02-24,84.0,3359.1600000000003
HP000235,2023-02-25,92.0,3679.0800000000004
HP000235,2023-02-26,111.0,4438.89
HP000235,2023-02-27,100.0,3999.0
HP000235,2023-02-28,111.0,4438.89
HP000235,2023-03-01,113.0,4518.87
HP000235,2023-03-02,111.0,4438.89
HP000235,2023-03-03,100.0,3999.0
HP000235,2023-03-04,97.0,3879.03
HP000235,2023-03-05,119.0,4758.81
HP000235,2023-03-06,122.0,4878.780000000001
HP000235,2023-03-07,91.0,3639.09
HP000235,2023-03-08,94.0,3759.0600000000004
HP000235,2023-03-09,89.0,3559.11
HP000235,2023-03-10,113.0,4518.87
HP000235,2023-03-11,112.0,4478.88
HP000235,2023-03-12,141.0,5638.59
HP000235,2023-03-13,94.0,3759.0600000000004
HP000235,2023-03-14,92.0,3679.0800000000004
HP000235,2023-03-15,93.0,3719.07
HP000235,2023-03-16,80.0,3199.2000000000003
HP000235,2023-03-17,113.0,4518.87
HP000235,2023-03-18,114.0,4558.860000000001
HP000235,2023-03-19,108.0,4318.92
HP000235,2023-03-20,110.0,4398.900000000001
HP000235,2023-03-21,103.0,4118.97
HP000235,2023-03-22,110.0,4398.900000000001
HP000235,2023-03-23,125.0,4998.75
HP000235,2023-03-24,72.0,2879.28
HP000235,2023-03-25,111.0,4438.89
HP000235,2023-03-26,100.0,3999.0
HP000235,2023-03-27,98.0,3919.02
HP000235,2023-03-28,102.0,4078.98
HP000235,2023-03-29,80.0,3199.2000000000003
HP000235,2023-03-30,102.0,4078.98
HP000235,2023-03-31,102.0,4078.98
HP000235,2023-04-01,93.0,3719.07
HP000235,2023-04-02,104.0,4158.96
HP000235,2023-04-03,93.0,3719.07
HP000235,2023-04-04,93.0,3719.07
HP000235,2023-04-05,110.0,4398.900000000001
HP000445,2022-07-31,114.0,1480.8600000000001
HP000445,2022-08-01,122.0,1584.78
HP000445,2022-08-02,88.0,1143.1200000000001
HP000445,2022-08-03,128.0,1662.72
HP000445,2022-08-04,121.0,1571.79
HP000445,2022-08-05,92.0,1195.08
HP000445,2022-08-06,117.0,1519.83
HP000445,2022-08-07,109.0,1415.91
HP000445,2022-08-08,101.0,1311.99
HP000445,2022-08-09,91.0,1182.09
HP000445,2022-08-10,99.0,1286.01
HP000445,2022-08-11,93.0,1208.07
HP000445,2022-08-12,108.0,1402.92
HP000445,2022-08-13,108.0,1402.92
HP000445,2022-08-14,111.0,1441.89
HP000445,2022-08-15,134.0,1740.66
HP000445,2022-08-16,128.0,1662.72
HP000445,2022-08-17,105.0,1363.95
HP000445,2022-08-18,104.0,1350.96
HP000445,2022-08-19,108.0,1402.92
HP000445,2022-08-20,130.0,1688.7
HP000445,2022-08-21,126.0,1636.74
HP000445,2022-08-22,116.0,1506.84
HP000445,2022-08-23,75.0,974.25
HP000445,2022-08-24,120.0,1558.8
HP000445,2022-08-25,93.0,1208.07
HP000445,2022-08-26,101.0,1311.99
HP000445,2022-08-27,103.0,1337.97
HP000445,2022-08-28,132.0,1714.68
HP000445,2022-08-29,108.0,1402.92
HP000445,2022-08-30,107.0,1389.93
HP000445,2022-08-31,104.0,1350.96
HP000445,2022-09-01,109.0,1415.91
HP000445,2022-09-02,79.0,1026.21
HP000445,2022-09-03,129.0,1675.71
HP000445,2022-09-04,122.0,1584.78
HP000445,2022-09-05,130.0,1688.7
HP000445,2022-09-06,75.0,974.25
HP000445,2022-09-07,129.0,1675.71
HP000445,2022-09-08,102.0,1324.98
HP000445,2022-09-09,112.0,1454.88
HP000445,2022-09-10,119.0,1545.81
HP000445,2022-09-11,105.0,1363.95
HP000445,2022-09-12,148.0,1922.52
HP000445,2022-09-13,112.0,1454.88
HP000445,2022-09-14,120.0,1558.8
HP000445,2022-09-15,85.0,1104.15
HP000445,2022-09-16,79.0,1026.21
HP000445,2022-09-17,94.0,1221.06
HP000445,2022-09-18,134.0,1740.66
HP000445,2022-09-19,101.0,1311.99
HP000445,2022-09-20,103.0,1337.97
HP000445,2022-09-21,105.0,1363.95
HP000445,2022-09-22,97.0,1260.03
HP000445,2022-09-23,108.0,1402.92
HP000445,2022-09-24,135.0,1753.65
HP000445,2022-09-25,110.0,1428.9
HP000445,2022-09-26,65.0,844.35
HP000445,2022-09-27,98.0,1273.02
HP000445,2022-09-28,105.0,1363.95
HP000445,2022-09-29,103.0,1337.97
HP000445,2022-09-30,96.0,1247.04
HP000445,2022-10-01,110.0,1428.9
HP000445,2022-10-02,113.0,1467.8700000000001
HP000445,2022-10-03,111.0,1441.89
HP000445,2022-10-04,109.0,1415.91
HP000445,2022-10-05,129.0,1675.71
HP000445,2022-10-06,91.0,1182.09
HP000445,2022-10-07,102.0,1324.98
HP000445,2022-10-08,147.0,1909.53
HP000445,2022-10-09,100.0,1299.0
HP000445,2022-10-10,98.0,1273.02
HP000445,2022-10-11,111.0,1441.89
HP000445,2022-10-12,119.0,1545.81
HP000445,2022-10-13,101.0,1311.99
HP000445,2022-10-14,117.0,1519.83
HP000445,2022-10-15,135.0,1753.65
HP000445,2022-10-16,125.0,1623.75
HP000445,2022-10-17,95.0,1234.05
HP000445,2022-10-18,99.0,1286.01
HP000445,2022-10-19,94.0,1221.06
HP000445,2022-10-20,115.0,1493.8500000000001
HP000445,2022-10-21,142.0,1844.58
HP000445,2022-10-22,112.0,1454.88
HP000445,2022-10-23,112.0,1454.88
HP000445,2022-10-24,93.0,1208.07
HP000445,2022-10-25,101.0,1311.99
HP000445,2022-10-26,130.0,1688.7
HP000445,2022-10-27,107.0,1389.93
HP000445,2022-10-28,109.0,1415.91
HP000445,2022-10-29,98.0,1273.02
HP000445,2022-10-30,116.0,1506.84
HP000445,2022-10-31,120.0,1558.8
HP000445,2022-11-01,102.0,1324.98
HP000445,2022-11-02,109.0,1415.91
HP000445,2022-11-03,130.0,1688.7
HP000445,2022-11-04,87.0,1130.13
HP000445,2022-11-05,94.0,1221.06
HP000445,2022-11-06,116.0,1506.84
HP000445,2022-11-07,121.0,1571.79
HP000445,2022-11-08,100.0,1299.0
HP000445,2022-11-09,106.0,1376.94
HP000445,2022-11-10,102.0,1324.98
HP000445,2022-11-11,101.0,1311.99
HP000445,2022-11-12,119.0,1545.81
HP000445,2022-11-13,76.0,987.24
HP000445,2022-11-14,89.0,1156.1100000000001
HP000445,2022-11-15,135.0,1753.65
HP000445,2022-11-16,125.0,1623.75
HP000445,2022-11-17,116.0,1506.84
HP000445,2022-11-18,107.0,1389.93
HP000445,2022-11-19,97.0,1260.03
HP000445,2022-11-20,102.0,1324.98
HP000445,2022-11-21,84.0,1091.16
HP000445,2022-11-22,102.0,1324.98
HP000445,2022-11-23,130.0,1688.7
HP000445,2022-11-24,116.0,1506.84
HP000445,2022-11-25,114.0,1480.8600000000001
HP000445,2022-11-26,105.0,1363.95
HP000445,2022-11-27,128.0,1662.72
HP000445,2022-11-28,127.0,1649.73
HP000445,2022-11-29,116.0,1506.84
HP000445,2022-11-30,124.0,1610.76
HP000445,2022-12-01,134.0,1740.66
HP000445,2022-12-02,137.0,1779.63
HP000445,2022-12-03,111.0,1441.89
HP000445,2022-12-04,97.0,1260.03
HP000445,2022-12-05,84.0,1091.16
HP000445,2022-12-06,132.0,1714.68
HP000445,2022-12-07,114.0,1480.8600000000001
HP000445,2022-12-08,135.0,1753.65
HP000445,2022-12-09,96.0,1247.04
HP000445,2022-12-10,88.0,1143.1200000000001
HP000445,2022-12-11,136.0,1766.64
HP000445,2022-12-12,136.0,1766.64
HP000445,2022-12-13,88.0,1143.1200000000001
HP000445,2022-12-14,109.0,1415.91
HP000445,2022-12-15,124.0,1610.76
HP000445,2022-12-16,116.0,1506.84
HP000445,2022-12-17,127.0,1649.73
HP000445,2022-12-18,105.0,1363.95
HP000445,2022-12-19,129.0,1675.71
HP000445,2022-12-20,125.0,1623.75
HP000445,2022-12-21,106.0,1376.94
HP000445,2022-12-22,121.0,1571.79
HP000445,2022-12-23,80.0,1039.2
HP000445,2022-12-24,136.0,1766.64
HP000445,2022-12-25,139.0,1805.6100000000001
HP000445,2022-12-26,99.0,1286.01
HP000445,2022-12-27,142.0,1844.58
HP000445,2022-12-28,114.0,1480.8600000000001
HP000445,2022-12-29,129.0,1675.71
HP000445,2022-12-30,126.0,1636.74
HP000445,2022-12-31,140.0,1818.6000000000001
HP000445,2023-01-01,98.0,1273.02
HP000445,2023-01-02,100.0,1299.0
HP000445,2023-01-03,127.0,1649.73
HP000445,2023-01-04,121.0,1571.79
HP000445,2023-01-05,90.0,1169.1
HP000445,2023-01-06,104.0,1350.96
HP000445,2023-01-07,102.0,1324.98
HP000445,2023-01-08,111.0,1441.89
HP000445,2023-01-09,110.0,1428.9
HP000445,2023-01-10,126.0,1636.74
HP000445,2023-01-11,110.0,1428.9
HP000445,2023-01-12,98.0,1273.02
HP000445,2023-01-13,109.0,1415.91
HP000445,2023-01-14,85.0,1104.15
HP000445,2023-01-15,110.0,1428.9
HP000445,2023-01-16,116.0,1506.84
HP000445,2023-01-17,105.0,1363.95
HP000445,2023-01-18,87.0,1130.13
HP000445,2023-01-19,109.0,1415.91
HP000445,2023-01-20,88.0,1143.1200000000001
HP000445,2023-01-21,128.0,1662.72
HP000445,2023-01-22,112.0,1454.88
HP000445,2023-01-23,109.0,1415.91
HP000445,2023-01-24,118.0,1532.82
HP000445,2023-01-25,87.0,1130.13
HP000445,2023-01-26,161.0,2091.39
HP000445,2023-01-27,131.0,1701.69
HP000445,2023-01-28,120.0,1558.8
HP000445,2023-01-29,102.0,1324.98
HP000445,2023-01-30,84.0,1091.16
HP000445,2023-01-31,116.0,1506.84
HP000445,2023-02-01,109.0,1415.91
HP000445,2023-02-02,142.0,1844.58
HP000445,2023-02-03,142.0,1844.58
HP000445,2023-02-04,122.0,1584.78
HP000445,2023-02-05,117.0,1519.83
HP000445,2023-02-06,111.0,1441.89
HP000445,2023-02-07,122.0,1584.78
HP000445,2023-02-08,88.0,1143.1200000000001
HP000445,2023-02-09,139.0,1805.6100000000001
HP000445,2023-02-10,108.0,1402.92
HP000445,2023-02-11,131.0,1701.69
HP000445,2023-02-12,114.0,1480.8600000000001
HP000445,2023-02-13,98.0,1273.02
HP000445,2023-02-14,114.0,1480.8600000000001
HP000445,2023-02-15,98.0,1273.02
HP000445,2023-02-16,79.0,1026.21
HP000445,2023-02-17,123.0,1597.77
HP000445,2023-02-18,103.0,1337.97
HP000445,2023-02-19,102.0,1324.98
HP000445,2023-02-20,86.0,1117.14
HP000445,2023-02-21,108.0,1402.92
HP000445,2023-02-22,140.0,1818.6000000000001
HP000445,2023-02-23,113.0,1467.8700000000001
HP000445,2023-02-24,104.0,1350.96
HP000445,2023-02-25,118.0,1532.82
HP000445,2023-02-26,112.0,1454.88
HP000445,2023-02-27,114.0,1480.8600000000001
HP000445,2023-02-28,99.0,1286.01
HP000445,2023-03-01,139.0,1805.6100000000001
HP000445,2023-03-02,118.0,1532.82
HP000445,2023-03-03,102.0,1324.98
HP000445,2023-03-04,136.0,1766.64
HP000445,2023-03-05,113.0,1467.8700000000001
HP000445,2023-03-06,119.0,1545.81
HP000445,2023-03-07,112.0,1454.88
HP000445,2023-03-08,90.0,1169.1
HP000445,2023-03-09,99.0,1286.01
HP000445,2023-03-10,104.0,1350.96
HP000445,2023-03-11,110.0,1428.9
HP000445,2023-03-12,97.0,1260.03
HP000445,2023-03-13,115.0,1493.8500000000001
HP000445,2023-03-14,106.0,1376.94
HP000445,2023-03-15,88.0,1143.1200000000001
HP000445,2023-03-16,113.0,1467.8700000000001
HP000445,2023-03-17,112.0,1454.88
HP000445,2023-03-18,126.0,1636.74
HP000445,2023-03-19,93.0,1208.07
HP000445,2023-03-20,110.0,1428.9
HP000445,2023-03-21,119.0,1545.81
HP000445,2023-03-22,103.0,1337.97
HP000445,2023-03-23,94.0,1221.06
HP000445,2023-03-24,93.0,1208.07
HP000445,2023-03-25,118.0,1532.82
HP000445,2023-03-26,117.0,1519.83
HP000445,2023-03-27,114.0,1480.8600000000001
HP000445,2023-03-28,105.0,1363.95
HP000445,2023-03-29,105.0,1363.95
HP000445,2023-03-30,100.0,1299.0
HP000445,2023-03-31,149.0,1935.51
HP000445,2023-04-01,118.0,1532.82
HP000445,2023-04-02,108.0,1402.92
HP000445,2023-04-03,116.0,1506.84
HP000445,2023-04-04,115.0,1493.8500000000001
HP000445,2023-04-05,120.0,1558.8
HP000446,2022-07-31,202.0,2623.98
HP000446,2022-08-01,198.0,2572.02
HP000446,2022-08-02,204.0,2649.96
HP000446,2022-08-03,190.0,2468.1
HP000446,2022-08-04,204.0,2649.96
HP000446,2022-08-05,207.0,2688.93
HP000446,2022-08-06,197.0,2559.03
HP000446,2022-08-07,205.0,2662.95
HP000446,2022-08-08,195.0,2533.05
HP000446,2022-08-09,202.0,2623.98
HP000446,2022-08-10,192.0,2494.08
HP000446,2022-08-11,195.0,2533.05
HP000446,2022-08-12,188.0,2442.12
HP000446,2022-08-13,206.0,2675.94
HP000446,2022-08-14,205.0,2662.95
HP000446,2022-08-15,196.0,2546.04
HP000446,2022-08-16,202.0,2623.98
HP000446,2022-08-17,204.0,2649.96
HP000446,2022-08-18,202.0,2623.98
HP000446,2022-08-19,192.0,2494.08
HP000446,2022-08-20,203.0,2636.9700000000003
HP000446,2022-08-21,213.0,2766.87
HP000446,2022-08-22,210.0,2727.9
HP000446,2022-08-23,204.0,2649.96
HP000446,2022-08-24,214.0,2779.86
HP000446,2022-08-25,199.0,2585.01
HP000446,2022-08-26,188.0,2442.12
HP000446,2022-08-27,190.0,2468.1
HP000446,2022-08-28,199.0,2585.01
HP000446,2022-08-29,201.0,2610.9900000000002
HP000446,2022-08-30,200.0,2598.0
HP000446,2022-08-31,178.0,2312.2200000000003
HP000446,2022-09-01,208.0,2701.92
HP000446,2022-09-02,206.0,2675.94
HP000446,2022-09-03,206.0,2675.94
HP000446,2022-09-04,191.0,2481.09
HP000446,2022-09-05,212.0,2753.88
HP000446,2022-09-06,208.0,2701.92
HP000446,2022-09-07,197.0,2559.03
HP000446,2022-09-08,192.0,2494.08
HP000446,2022-09-09,194.0,2520.06
HP000446,2022-09-10,193.0,2507.07
HP000446,2022-09-11,202.0,2623.98
HP000446,2022-09-12,207.0,2688.93
HP000446,2022-09-13,211.0,2740.89
HP000446,2022-09-14,197.0,2559.03
HP000446,2022-09-15,202.0,2623.98
HP000446,2022-09-16,206.0,2675.94
HP000446,2022-09-17,202.0,2623.98
HP000446,2022-09-18,204.0,2649.96
HP000446,2022-09-19,191.0,2481.09
HP000446,2022-09-20,209.0,2714.91
HP000446,2022-09-21,190.0,2468.1
HP000446,2022-09-22,211.0,2740.89
HP000446,2022-09-23,201.0,2610.9900000000002
HP000446,2022-09-24,188.0,2442.12
HP000446,2022-09-25,194.0,2520.06
HP000446,2022-09-26,191.0,2481.09
HP000446,2022-09-27,205.0,2662.95
HP000446,2022-09-28,199.0,2585.01
HP000446,2022-09-29,211.0,2740.89
HP000446,2022-09-30,201.0,2610.9900000000002
HP000446,2022-10-01,197.0,2559.03
HP000446,2022-10-02,197.0,2559.03
HP000446,2022-10-03,202.0,2623.98
HP000446,2022-10-04,196.0,2546.04
HP000446,2022-10-05,195.0,2533.05
HP000446,2022-10-06,189.0,2455.11
HP000446,2022-10-07,209.0,2714.91
HP000446,2022-10-08,208.0,2701.92
HP000446,2022-10-09,204.0,2649.96
HP000446,2022-10-10,200.0,2598.0
HP000446,2022-10-11,207.0,2688.93
HP000446,2022-10-12,207.0,2688.93
HP000446,2022-10-13,194.0,2520.06
HP000446,2022-10-14,197.0,2559.03
HP000446,2022-10-15,203.0,2636.9700000000003
HP000446,2022-10-16,200.0,2598.0
HP000446,2022-10-17,202.0,2623.98
HP000446,2022-10-18,214.0,2779.86
HP000446,2022-10-19,207.0,2688.93
HP000446,2022-10-20,198.0,2572.02
HP000446,2022-10-21,203.0,2636.9700000000003
HP000446,2022-10-22,200.0,2598.0
HP000446,2022-10-23,209.0,2714.91
HP000446,2022-10-24,193.0,2507.07
HP000446,2022-10-25,195.0,2533.05
HP000446,2022-10-26,199.0,2585.01
HP000446,2022-10-27,186.0,2416.14
HP000446,2022-10-28,208.0,2701.92
HP000446,2022-10-29,198.0,2572.02
HP000446,2022-10-30,195.0,2533.05
HP000446,2022-10-31,209.0,2714.91
HP000446,2022-11-01,212.0,2753.88
HP000446,2022-11-02,211.0,2740.89
HP000446,2022-11-03,194.0,2520.06
HP000446,2022-11-04,197.0,2559.03
HP000446,2022-11-05,218.0,2831.82
HP000446,2022-11-06,204.0,2649.96
HP000446,2022-11-07,196.0,2546.04
HP000446,2022-11-08,197.0,2559.03
HP000446,2022-11-09,199.0,2585.01
HP000446,2022-11-10,195.0,2533.05
HP000446,2022-11-11,196.0,2546.04
HP000446,2022-11-12,210.0,2727.9
HP000446,2022-11-13,211.0,2740.89
HP000446,2022-11-14,211.0,2740.89
HP000446,2022-11-15,214.0,2779.86
HP000446,2022-11-16,193.0,2507.07
HP000446,2022-11-17,186.0,2416.14
HP000446,2022-11-18,201.0,2610.9900000000002
HP000446,2022-11-19,203.0,2636.9700000000003
HP000446,2022-11-20,198.0,2572.02
HP000446,2022-11-21,180.0,2338.2
HP000446,2022-11-22,198.0,2572.02
HP000446,2022-11-23,192.0,2494.08
HP000446,2022-11-24,198.0,2572.02
HP000446,2022-11-25,193.0,2507.07
HP000446,2022-11-26,186.0,2416.14
HP000446,2022-11-27,207.0,2688.93
HP000446,2022-11-28,196.0,2546.04
HP000446,2022-11-29,205.0,2662.95
HP000446,2022-11-30,200.0,2598.0
HP000446,2022-12-01,207.0,2688.93
HP000446,2022-12-02,201.0,2610.9900000000002
HP000446,2022-12-03,204.0,2649.96
HP000446,2022-12-04,203.0,2636.9700000000003
HP000446,2022-12-05,197.0,2559.03
HP000446,2022-12-06,197.0,2559.03
HP000446,2022-12-07,189.0,2455.11
HP000446,2022-12-08,207.0,2688.93
HP000446,2022-12-09,192.0,2494.08
HP000446,2022-12-10,225.0,2922.75
HP000446,2022-12-11,209.0,2714.91
HP000446,2022-12-12,215.0,2792.85
HP000446,2022-12-13,185.0,2403.15
HP000446,2022-12-14,178.0,2312.2200000000003
HP000446,2022-12-15,195.0,2533.05
HP000446,2022-12-16,198.0,2572.02
HP000446,2022-12-17,213.0,2766.87
HP000446,2022-12-18,204.0,2649.96
HP000446,2022-12-19,177.0,2299.23
HP000446,2022-12-20,204.0,2649.96
HP000446,2022-12-21,203.0,2636.9700000000003
HP000446,2022-12-22,213.0,2766.87
HP000446,2022-12-23,190.0,2468.1
HP000446,2022-12-24,202.0,2623.98
HP000446,2022-12-25,208.0,2701.92
HP000446,2022-12-26,184.0,2390.16
HP000446,2022-12-27,199.0,2585.01
HP000446,2022-12-28,209.0,2714.91
HP000446,2022-12-29,211.0,2740.89
HP000446,2022-12-30,208.0,2701.92
HP000446,2022-12-31,201.0,2610.9900000000002
HP000446,2023-01-01,194.0,2520.06
HP000446,2023-01-02,203.0,2636.9700000000003
HP000446,2023-01-03,191.0,2481.09
HP000446,2023-01-04,204.0,2649.96
HP000446,2023-01-05,204.0,2649.96
HP000446,2023-01-06,211.0,2740.89
HP000446,2023-01-07,200.0,2598.0
HP000446,2023-01-08,202.0,2623.98
HP000446,2023-01-09,190.0,2468.1
HP000446,2023-01-10,199.0,2585.01
HP000446,2023-01-11,191.0,2481.09
HP000446,2023-01-12,187.0,2429.13
HP000446,2023-01-13,188.0,2442.12
HP000446,2023-01-14,213.0,2766.87
HP000446,2023-01-15,187.0,2429.13
HP000446,2023-01-16,197.0,2559.03
HP000446,2023-01-17,204.0,2649.96
HP000446,2023-01-18,208.0,2701.92
HP000446,2023-01-19,190.0,2468.1
HP000446,2023-01-20,212.0,2753.88
HP000446,2023-01-21,206.0,2675.94
HP000446,2023-01-22,198.0,2572.02
HP000446,2023-01-23,212.0,2753.88
HP000446,2023-01-24,196.0,2546.04
HP000446,2023-01-25,199.0,2585.01
HP000446,2023-01-26,197.0,2559.03
HP000446,2023-01-27,202.0,2623.98
HP000446,2023-01-28,202.0,2623.98
HP000446,2023-01-29,197.0,2559.03
HP000446,2023-01-30,211.0,2740.89
HP000446,2023-01-31,201.0,2610.9900000000002
HP000446,2023-02-01,199.0,2585.01
HP000446,2023-02-02,206.0,2675.94
HP000446,2023-02-03,198.0,2572.02
HP000446,2023-02-04,203.0,2636.9700000000003
HP000446,2023-02-05,212.0,2753.88
HP000446,2023-02-06,196.0,2546.04
HP000446,2023-02-07,195.0,2533.05
HP000446,2023-02-08,193.0,2507.07
HP000446,2023-02-09,207.0,2688.93
HP000446,2023-02-10,202.0,2623.98
HP000446,2023-02-11,208.0,2701.92
HP000446,2023-02-12,203.0,2636.9700000000003
HP000446,2023-02-13,200.0,2598.0
HP000446,2023-02-14,187.0,2429.13
HP000446,2023-02-15,195.0,2533.05
HP000446,2023-02-16,196.0,2546.04
HP000446,2023-02-17,212.0,2753.88
HP000446,2023-02-18,215.0,2792.85
HP000446,2023-02-19,202.0,2623.98
HP000446,2023-02-20,195.0,2533.05
HP000446,2023-02-21,191.0,2481.09
HP000446,2023-02-22,184.0,2390.16
HP000446,2023-02-23,201.0,2610.9900000000002
HP000446,2023-02-24,208.0,2701.92
HP000446,2023-02-25,198.0,2572.02
HP000446,2023-02-26,207.0,2688.93
HP000446,2023-02-27,205.0,2662.95
HP000446,2023-02-28,206.0,2675.94
HP000446,2023-03-01,216.0,2805.84
HP000446,2023-03-02,209.0,2714.91
HP000446,2023-03-03,185.0,2403.15
HP000446,2023-03-04,201.0,2610.9900000000002
HP000446,2023-03-05,201.0,2610.9900000000002
HP000446,2023-03-06,211.0,2740.89
HP000446,2023-03-07,195.0,2533.05
HP000446,2023-03-08,186.0,2416.14
HP000446,2023-03-09,192.0,2494.08
HP000446,2023-03-10,207.0,2688.93
HP000446,2023-03-11,202.0,2623.98
HP000446,2023-03-12,204.0,2649.96
HP000446,2023-03-13,209.0,2714.91
HP000446,2023-03-14,217.0,2818.83
HP000446,2023-03-15,203.0,2636.9700000000003
HP000446,2023-03-16,190.0,2468.1
HP000446,2023-03-17,200.0,2598.0
HP000446,2023-03-18,205.0,2662.95
HP000446,2023-03-19,211.0,2740.89
HP000446,2023-03-20,185.0,2403.15
HP000446,2023-03-21,205.0,2662.95
HP000446,2023-03-22,209.0,2714.91
HP000446,2023-03-23,209.0,2714.91
HP000446,2023-03-24,192.0,2494.08
HP000446,2023-03-25,225.0,2922.75
HP000446,2023-03-26,210.0,2727.9
HP000446,2023-03-27,205.0,2662.95
HP000446,2023-03-28,192.0,2494.08
HP000446,2023-03-29,181.0,2351.19
HP000446,2023-03-30,201.0,2610.9900000000002
HP000446,2023-03-31,205.0,2662.95
HP000446,2023-04-01,201.0,2610.9900000000002
HP000446,2023-04-02,196.0,2546.04
HP000446,2023-04-03,191.0,2481.09
HP000446,2023-04-04,192.0,2494.08
HP000446,2023-04-05,216.0,2805.84
HP000447,2022-07-31,197.0,2559.03
HP000447,2022-08-01,215.0,2792.85
HP000447,2022-08-02,198.0,2572.02
HP000447,2022-08-03,206.0,2675.94
HP000447,2022-08-04,193.0,2507.07
HP000447,2022-08-05,209.0,2714.91
HP000447,2022-08-06,196.0,2546.04
HP000447,2022-08-07,204.0,2649.96
HP000447,2022-08-08,191.0,2481.09
HP000447,2022-08-09,209.0,2714.91
HP000447,2022-08-10,197.0,2559.03
HP000447,2022-08-11,193.0,2507.07
HP000447,2022-08-12,203.0,2636.9700000000003
HP000447,2022-08-13,194.0,2520.06
HP000447,2022-08-14,195.0,2533.05
HP000447,2022-08-15,192.0,2494.08
HP000447,2022-08-16,202.0,2623.98
HP000447,2022-08-17,201.0,2610.9900000000002
HP000447,2022-08-18,201.0,2610.9900000000002
HP000447,2022-08-19,196.0,2546.04
HP000447,2022-08-20,190.0,2468.1
HP000447,2022-08-21,202.0,2623.98
HP000447,2022-08-22,201.0,2610.9900000000002
HP000447,2022-08-23,191.0,2481.09
HP000447,2022-08-24,208.0,2701.92
HP000447,2022-08-25,181.0,2351.19
HP000447,2022-08-26,200.0,2598.0
HP000447,2022-08-27,209.0,2714.91
HP000447,2022-08-28,201.0,2610.9900000000002
HP000447,2022-08-29,198.0,2572.02
HP000447,2022-08-30,201.0,2610.9900000000002
HP000447,2022-08-31,201.0,2610.9900000000002
HP000447,2022-09-01,210.0,2727.9
HP000447,2022-09-02,203.0,2636.9700000000003
HP000447,2022-09-03,201.0,2610.9900000000002
HP000447,2022-09-04,218.0,2831.82
HP000447,2022-09-05,210.0,2727.9
HP000447,2022-09-06,200.0,2598.0
HP000447,2022-09-07,201.0,2610.9900000000002
HP000447,2022-09-08,207.0,2688.93
HP000447,2022-09-09,199.0,2585.01
HP000447,2022-09-10,191.0,2481.09
HP000447,2022-09-11,211.0,2740.89
HP000447,2022-09-12,199.0,2585.01
HP000447,2022-09-13,202.0,2623.98
HP000447,2022-09-14,198.0,2572.02
HP000447,2022-09-15,199.0,2585.01
HP000447,2022-09-16,197.0,2559.03
HP000447,2022-09-17,198.0,2572.02
HP000447,2022-09-18,200.0,2598.0
HP000447,2022-09-19,212.0,2753.88
HP000447,2022-09-20,201.0,2610.9900000000002
HP000447,2022-09-21,213.0,2766.87
HP000447,2022-09-22,204.0,2649.96
HP000447,2022-09-23,203.0,2636.9700000000003
HP000447,2022-09-24,206.0,2675.94
HP000447,2022-09-25,197.0,2559.03
HP000447,2022-09-26,207.0,2688.93
HP000447,2022-09-27,196.0,2546.04
HP000447,2022-09-28,198.0,2572.02
HP000447,2022-09-29,202.0,2623.98
HP000447,2022-09-30,199.0,2585.01
HP000447,2022-10-01,210.0,2727.9
HP000447,2022-10-02,210.0,2727.9
HP000447,2022-10-03,189.0,2455.11
HP000447,2022-10-04,195.0,2533.05
HP000447,2022-10-05,208.0,2701.92
HP000447,2022-10-06,195.0,2533.05
HP000447,2022-10-07,208.0,2701.92
HP000447,2022-10-08,196.0,2546.04
HP000447,2022-10-09,193.0,2507.07
HP000447,2022-10-10,201.0,2610.9900000000002
HP000447,2022-10-11,204.0,2649.96
HP000447,2022-10-12,211.0,2740.89
HP000447,2022-10-13,191.0,2481.09
HP000447,2022-10-14,192.0,2494.08
HP000447,2022-10-15,200.0,2598.0
HP000447,2022-10-16,201.0,2610.9900000000002
HP000447,2022-10-17,189.0,2455.11
HP000447,2022-10-18,207.0,2688.93
HP000447,2022-10-19,205.0,2662.95
HP000447,2022-10-20,202.0,2623.98
HP000447,2022-10-21,195.0,2533.05
HP000447,2022-10-22,199.0,2585.01
HP000447,2022-10-23,203.0,2636.9700000000003
HP000447,2022-10-24,202.0,2623.98
HP000447,2022-10-25,201.0,2610.9900000000002
HP000447,2022-10-26,194.0,2520.06
HP000447,2022-10-27,199.0,2585.01
HP000447,2022-10-28,212.0,2753.88
HP000447,2022-10-29,211.0,2740.89
HP000447,2022-10-30,194.0,2520.06
HP000447,2022-10-31,198.0,2572.02
HP000447,2022-11-01,204.0,2649.96
HP000447,2022-11-02,200.0,2598.0
HP000447,2022-11-03,202.0,2623.98
HP000447,2022-11-04,206.0,2675.94
HP000447,2022-11-05,196.0,2546.04
HP000447,2022-11-06,195.0,2533.05
HP000447,2022-11-07,208.0,2701.92
HP000447,2022-11-08,199.0,2585.01
HP000447,2022-11-09,199.0,2585.01
HP000447,2022-11-10,212.0,2753.88
HP000447,2022-11-11,203.0,2636.9700000000003
HP000447,2022-11-12,198.0,2572.02
HP000447,2022-11-13,206.0,2675.94
HP000447,2022-11-14,197.0,2559.03
HP000447,2022-11-15,187.0,2429.13
HP000447,2022-11-16,196.0,2546.04
HP000447,2022-11-17,196.0,2546.04
HP000447,2022-11-18,207.0,2688.93
HP000447,2022-11-19,203.0,2636.9700000000003
HP000447,2022-11-20,207.0,2688.93
HP000447,2022-11-21,190.0,2468.1
HP000447,2022-11-22,202.0,2623.98
HP000447,2022-11-23,195.0,2533.05
HP000447,2022-11-24,194.0,2520.06
HP000447,2022-11-25,203.0,2636.9700000000003
HP000447,2022-11-26,200.0,2598.0
HP000447,2022-11-27,205.0,2662.95
HP000447,2022-11-28,192.0,2494.08
HP000447,2022-11-29,200.0,2598.0
HP000447,2022-11-30,192.0,2494.08
HP000447,2022-12-01,197.0,2559.03
HP000447,2022-12-02,195.0,2533.05
HP000447,2022-12-03,191.0,2481.09
HP000447,2022-12-04,197.0,2559.03
HP000447,2022-12-05,208.0,2701.92
HP000447,2022-12-06,201.0,2610.9900000000002
HP000447,2022-12-07,193.0,2507.07
HP000447,2022-12-08,202.0,2623.98
HP000447,2022-12-09,212.0,2753.88
HP000447,2022-12-10,207.0,2688.93
HP000447,2022-12-11,204.0,2649.96
HP000447,2022-12-12,202.0,2623.98
HP000447,2022-12-13,202.0,2623.98
HP000447,2022-12-14,201.0,2610.9900000000002
HP000447,2022-12-15,200.0,2598.0
HP000447,2022-12-16,197.0,2559.03
HP000447,2022-12-17,183.0,2377.17
HP000447,2022-12-18,217.0,2818.83
HP000447,2022-12-19,200.0,2598.0
HP000447,2022-12-20,205.0,2662.95
HP000447,2022-12-21,199.0,2585.01
HP000447,2022-12-22,204.0,2649.96
HP000447,2022-12-23,199.0,2585.01
HP000447,2022-12-24,207.0,2688.93
HP000447,2022-12-25,192.0,2494.08
HP000447,2022-12-26,211.0,2740.89
HP000447,2022-12-27,191.0,2481.09
HP000447,2022-12-28,204.0,2649.96
HP000447,2022-12-29,223.0,2896.77
HP000447,2022-12-30,198.0,2572.02
HP000447,2022-12-31,208.0,2701.92
HP000447,2023-01-01,206.0,2675.94
HP000447,2023-01-02,190.0,2468.1
HP000447,2023-01-03,202.0,2623.98
HP000447,2023-01-04,205.0,2662.95
HP000447,2023-01-05,207.0,2688.93
HP000447,2023-01-06,202.0,2623.98
HP000447,2023-01-07,196.0,2546.04
HP000447,2023-01-08,187.0,2429.13
HP000447,2023-01-09,190.0,2468.1
HP000447,2023-01-10,195.0,2533.05
HP000447,2023-01-11,196.0,2546.04
HP000447,2023-01-12,197.0,2559.03
HP000447,2023-01-13,206.0,2675.94
HP000447,2023-01-14,209.0,2714.91
HP000447,2023-01-15,200.0,2598.0
HP000447,2023-01-16,212.0,2753.88
HP000447,2023-01-17,192.0,2494.08
HP000447,2023-01-18,207.0,2688.93
HP000447,2023-01-19,200.0,2598.0
HP000447,2023-01-20,196.0,2546.04
HP000447,2023-01-21,202.0,2623.98
HP000447,2023-01-22,188.0,2442.12
HP000447,2023-01-23,208.0,2701.92
HP000447,2023-01-24,197.0,2559.03
HP000447,2023-01-25,204.0,2649.96
HP000447,2023-01-26,205.0,2662.95
HP000447,2023-01-27,202.0,2623.98
HP000447,2023-01-28,197.0,2559.03
HP000447,2023-01-29,194.0,2520.06
HP000447,2023-01-30,205.0,2662.95
HP000447,2023-01-31,193.0,2507.07
HP000447,2023-02-01,200.0,2598.0
HP000447,2023-02-02,197.0,2559.03
HP000447,2023-02-03,209.0,2714.91
HP000447,2023-02-04,196.0,2546.04
HP000447,2023-02-05,201.0,2610.9900000000002
HP000447,2023-02-06,195.0,2533.05
HP000447,2023-02-07,201.0,2610.9900000000002
HP000447,2023-02-08,201.0,2610.9900000000002
HP000447,2023-02-09,184.0,2390.16
HP000447,2023-02-10,194.0,2520.06
HP000447,2023-02-11,188.0,2442.12
HP000447,2023-02-12,191.0,2481.09
HP000447,2023-02-13,196.0,2546.04
HP000447,2023-02-14,211.0,2740.89
HP000447,2023-02-15,195.0,2533.05
HP000447,2023-02-16,198.0,2572.02
HP000447,2023-02-17,204.0,2649.96
HP000447,2023-02-18,192.0,2494.08
HP000447,2023-02-19,212.0,2753.88
HP000447,2023-02-20,203.0,2636.9700000000003
HP000447,2023-02-21,206.0,2675.94
HP000447,2023-02-22,192.0,2494.08
HP000447,2023-02-23,197.0,2559.03
HP000447,2023-02-24,206.0,2675.94
HP000447,2023-02-25,204.0,2649.96
HP000447,2023-02-26,193.0,2507.07
HP000447,2023-02-27,208.0,2701.92
HP000447,2023-02-28,203.0,2636.9700000000003
HP000447,2023-03-01,196.0,2546.04
HP000447,2023-03-02,178.0,2312.2200000000003
HP000447,2023-03-03,198.0,2572.02
HP000447,2023-03-04,196.0,2546.04
HP000447,2023-03-05,202.0,2623.98
HP000447,2023-03-06,188.0,2442.12
HP000447,2023-03-07,199.0,2585.01
HP000447,2023-03-08,194.0,2520.06
HP000447,2023-03-09,201.0,2610.9900000000002
HP000447,2023-03-10,209.0,2714.91
HP000447,2023-03-11,198.0,2572.02
HP000447,2023-03-12,206.0,2675.94
HP000447,2023-03-13,196.0,2546.04
HP000447,2023-03-14,198.0,2572.02
HP000447,2023-03-15,200.0,2598.0
HP000447,2023-03-16,195.0,2533.05
HP000447,2023-03-17,206.0,2675.94
HP000447,2023-03-18,207.0,2688.93
HP000447,2023-03-19,211.0,2740.89
HP000447,2023-03-20,196.0,2546.04
HP000447,2023-03-21,197.0,2559.03
HP000447,2023-03-22,194.0,2520.06
HP000447,2023-03-23,198.0,2572.02
HP000447,2023-03-24,198.0,2572.02
HP000447,2023-03-25,197.0,2559.03
HP000447,2023-03-26,199.0,2585.01
HP000447,2023-03-27,200.0,2598.0
HP000447,2023-03-28,196.0,2546.04
HP000447,2023-03-29,214.0,2779.86
HP000447,2023-03-30,211.0,2740.89
HP000447,2023-03-31,191.0,2481.09
HP000447,2023-04-01,202.0,2623.98
HP000447,2023-04-02,186.0,2416.14
HP000447,2023-04-03,196.0,2546.04
HP000447,2023-04-04,199.0,2585.01
HP000447,2023-04-05,201.0,2610.9900000000002
